N,R,P,CI
10,8,20,90
10,8,20,95
10,8,20,99
10,10,20,90
10,10,20,95
10,10,20,99
10,7,20,90
10,7,20,95
10,7,20,99
10,9,20,90
10,9,20,95
10,9,20,99
10,5,20,90
10,5,20,95
10,5,20,99
10,3,20,90
10,3,20,95
10,3,20,99
10,6,20,90
10,6,20,95
10,6,20,99
10,4,20,90
10,4,20,95
10,4,20,99
10,6,50,90
10,6,50,95
10,6,50,99
10,4,50,90
10,4,50,95
10,4,50,99
10,5,50,90
10,5,50,95
10,5,50,99
10,1,50,90
10,1,50,95
10,1,50,99
10,2,50,90
10,2,50,95
10,2,50,99
10,9,50,90
10,9,50,95
10,9,50,99
10,3,50,90
10,3,50,95
10,3,50,99
10,7,50,90
10,7,50,95
10,7,50,99
10,8,50,90
10,8,50,95
10,8,50,99
10,10,50,90
10,10,50,95
10,10,50,99
10,2,80,90
10,2,80,95
10,2,80,99
10,1,80,90
10,1,80,95
10,1,80,99
10,0,80,90
10,0,80,95
10,0,80,99
10,3,80,90
10,3,80,95
10,3,80,99
10,4,80,90
10,4,80,95
10,4,80,99
10,5,80,90
10,5,80,95
10,5,80,99
10,6,80,90
10,6,80,95
10,6,80,99
10,7,80,90
10,7,80,95
10,7,80,99
10,8,80,90
10,8,80,95
10,8,80,99
10,9,80,90
10,9,80,95
10,9,80,99
10,10,80,90
10,10,80,95
10,10,80,99
50,38,20,90
50,38,20,95
50,38,20,99
50,44,20,90
50,44,20,95
50,44,20,99
50,37,20,90
50,37,20,95
50,37,20,99
50,35,20,90
50,35,20,95
50,35,20,99
50,36,20,90
50,36,20,95
50,36,20,99
50,39,20,90
50,39,20,95
50,39,20,99
50,40,20,90
50,40,20,95
50,40,20,99
50,43,20,90
50,43,20,95
50,43,20,99
50,41,20,90
50,41,20,95
50,41,20,99
50,42,20,90
50,42,20,95
50,42,20,99
50,46,20,90
50,46,20,95
50,46,20,99
50,34,20,90
50,34,20,95
50,34,20,99
50,49,20,90
50,49,20,95
50,49,20,99
50,45,20,90
50,45,20,95
50,45,20,99
50,32,20,90
50,32,20,95
50,32,20,99
50,33,20,90
50,33,20,95
50,33,20,99
50,47,20,90
50,47,20,95
50,47,20,99
50,48,20,90
50,48,20,95
50,48,20,99
50,30,20,90
50,30,20,95
50,30,20,99
50,20,50,90
50,20,50,95
50,20,50,99
50,25,50,90
50,25,50,95
50,25,50,99
50,29,50,90
50,29,50,95
50,29,50,99
50,19,50,90
50,19,50,95
50,19,50,99
50,26,50,90
50,26,50,95
50,26,50,99
50,27,50,90
50,27,50,95
50,27,50,99
50,21,50,90
50,21,50,95
50,21,50,99
50,28,50,90
50,28,50,95
50,28,50,99
50,22,50,90
50,22,50,95
50,22,50,99
50,18,50,90
50,18,50,95
50,18,50,99
50,30,50,90
50,30,50,95
50,30,50,99
50,31,50,90
50,31,50,95
50,31,50,99
50,23,50,90
50,23,50,95
50,23,50,99
50,24,50,90
50,24,50,95
50,24,50,99
50,32,50,90
50,32,50,95
50,32,50,99
50,33,50,90
50,33,50,95
50,33,50,99
50,17,50,90
50,17,50,95
50,17,50,99
50,34,50,90
50,34,50,95
50,34,50,99
50,16,50,90
50,16,50,95
50,16,50,99
50,37,50,90
50,37,50,95
50,37,50,99
50,36,50,90
50,36,50,95
50,36,50,99
50,15,50,90
50,15,50,95
50,15,50,99
50,11,80,90
50,11,80,95
50,11,80,99
50,10,80,90
50,10,80,95
50,10,80,99
50,9,80,90
50,9,80,95
50,9,80,99
50,15,80,90
50,15,80,95
50,15,80,99
50,8,80,90
50,8,80,95
50,8,80,99
50,12,80,90
50,12,80,95
50,12,80,99
50,6,80,90
50,6,80,95
50,6,80,99
50,14,80,90
50,14,80,95
50,14,80,99
50,5,80,90
50,5,80,95
50,5,80,99
50,13,80,90
50,13,80,95
50,13,80,99
50,7,80,90
50,7,80,95
50,7,80,99
50,4,80,90
50,4,80,95
50,4,80,99
50,16,80,90
50,16,80,95
50,16,80,99
50,20,80,90
50,20,80,95
50,20,80,99
50,18,80,90
50,18,80,95
50,18,80,99
50,3,80,90
50,3,80,95
50,3,80,99
50,17,80,90
50,17,80,95
50,17,80,99
50,19,80,90
50,19,80,95
50,19,80,99
50,35,50,90
50,35,50,95
50,35,50,99
50,39,50,90
50,39,50,95
50,39,50,99
50,21,80,90
50,21,80,95
50,21,80,99
50,22,80,90
50,22,80,95
50,22,80,99
50,38,50,90
50,38,50,95
50,38,50,99
50,23,80,90
50,23,80,95
50,23,80,99
50,24,80,90
50,24,80,95
50,24,80,99
50,26,80,90
50,26,80,95
50,26,80,99
50,25,80,90
50,25,80,95
50,25,80,99
50,27,80,90
50,27,80,95
50,27,80,99
50,43,50,90
50,43,50,95
50,43,50,99
50,42,50,90
50,42,50,95
50,42,50,99
50,40,50,90
50,40,50,95
50,40,50,99
50,41,50,90
50,41,50,95
50,41,50,99
50,28,80,90
50,28,80,95
50,28,80,99
50,29,80,90
50,29,80,95
50,29,80,99
50,44,50,90
50,44,50,95
50,44,50,99
50,32,80,90
50,32,80,95
50,32,80,99
50,31,80,90
50,31,80,95
50,31,80,99
50,30,80,90
50,30,80,95
50,30,80,99
50,33,80,90
50,33,80,95
50,33,80,99
50,34,80,90
50,34,80,95
50,34,80,99
50,50,20,90
50,50,20,95
50,50,20,99
50,46,50,90
50,46,50,95
50,46,50,99
50,45,50,90
50,45,50,95
50,45,50,99
50,35,80,90
50,35,80,95
50,35,80,99
50,36,80,90
50,36,80,95
50,36,80,99
50,38,80,90
50,38,80,95
50,38,80,99
50,37,80,90
50,37,80,95
50,37,80,99
50,47,50,90
50,47,50,95
50,47,50,99
50,40,80,90
50,40,80,95
50,40,80,99
50,39,80,90
50,39,80,95
50,39,80,99
50,41,80,90
50,41,80,95
50,41,80,99
50,48,50,90
50,48,50,95
50,48,50,99
50,49,50,90
50,49,50,95
50,49,50,99
50,43,80,90
50,43,80,95
50,43,80,99
50,42,80,90
50,42,80,95
50,42,80,99
50,50,50,90
50,50,50,95
50,50,50,99
50,44,80,90
50,44,80,95
50,44,80,99
50,46,80,90
50,46,80,95
50,46,80,99
50,45,80,90
50,45,80,95
50,45,80,99
50,47,80,90
50,47,80,95
50,47,80,99
50,48,80,90
50,48,80,95
50,48,80,99
50,49,80,90
50,49,80,95
50,49,80,99
50,50,80,90
50,50,80,95
50,50,80,99
100,86,20,90
100,86,20,95
100,86,20,99
100,78,20,90
100,78,20,95
100,78,20,99
100,76,20,90
100,76,20,95
100,76,20,99
100,74,20,90
100,74,20,95
100,74,20,99
100,81,20,90
100,81,20,95
100,81,20,99
100,73,20,90
100,73,20,95
100,73,20,99
100,72,20,90
100,72,20,95
100,72,20,99
100,82,20,90
100,82,20,95
100,82,20,99
100,80,20,90
100,80,20,95
100,80,20,99
100,85,20,90
100,85,20,95
100,85,20,99
100,79,20,90
100,79,20,95
100,79,20,99
100,84,20,90
100,84,20,95
100,84,20,99
100,75,20,90
100,75,20,95
100,75,20,99
100,77,20,90
100,77,20,95
100,77,20,99
100,71,20,90
100,71,20,95
100,71,20,99
100,90,20,90
100,90,20,95
100,90,20,99
100,83,20,90
100,83,20,95
100,83,20,99
100,88,20,90
100,88,20,95
100,88,20,99
100,70,20,90
100,70,20,95
100,70,20,99
100,87,20,90
100,87,20,95
100,87,20,99
100,89,20,90
100,89,20,95
100,89,20,99
100,65,20,90
100,65,20,95
100,65,20,99
100,92,20,90
100,92,20,95
100,92,20,99
100,67,20,90
100,67,20,95
100,67,20,99
100,93,20,90
100,93,20,95
100,93,20,99
100,68,20,90
100,68,20,95
100,68,20,99
100,69,20,90
100,69,20,95
100,69,20,99
100,66,20,90
100,66,20,95
100,66,20,99
100,58,50,90
100,58,50,95
100,58,50,99
100,46,50,90
100,46,50,95
100,46,50,99
100,49,50,90
100,49,50,95
100,49,50,99
100,54,50,90
100,54,50,95
100,54,50,99
100,64,50,90
100,64,50,95
100,64,50,99
100,53,50,90
100,53,50,95
100,53,50,99
100,44,50,90
100,44,50,95
100,44,50,99
100,51,50,90
100,51,50,95
100,51,50,99
100,56,50,90
100,56,50,95
100,56,50,99
100,45,50,90
100,45,50,95
100,45,50,99
100,47,50,90
100,47,50,95
100,47,50,99
100,42,50,90
100,42,50,95
100,42,50,99
100,50,50,90
100,50,50,95
100,50,50,99
100,55,50,90
100,55,50,95
100,55,50,99
100,52,50,90
100,52,50,95
100,52,50,99
100,48,50,90
100,48,50,95
100,48,50,99
100,59,50,90
100,59,50,95
100,59,50,99
100,39,50,90
100,39,50,95
100,39,50,99
100,57,50,90
100,57,50,95
100,57,50,99
100,43,50,90
100,43,50,95
100,43,50,99
100,60,50,90
100,60,50,95
100,60,50,99
100,38,50,90
100,38,50,95
100,38,50,99
100,41,50,90
100,41,50,95
100,41,50,99
100,40,50,90
100,40,50,95
100,40,50,99
100,37,50,90
100,37,50,95
100,37,50,99
100,61,50,90
100,61,50,95
100,61,50,99
100,62,50,90
100,62,50,95
100,62,50,99
100,35,50,90
100,35,50,95
100,35,50,99
100,66,50,90
100,66,50,95
100,66,50,99
100,13,80,90
100,13,80,95
100,13,80,99
100,16,80,90
100,16,80,95
100,16,80,99
100,21,80,90
100,21,80,95
100,21,80,99
100,17,80,90
100,17,80,95
100,17,80,99
100,20,80,90
100,20,80,95
100,20,80,99
100,18,80,90
100,18,80,95
100,18,80,99
100,25,80,90
100,25,80,95
100,25,80,99
100,27,80,90
100,27,80,95
100,27,80,99
100,22,80,90
100,22,80,95
100,22,80,99
100,23,80,90
100,23,80,95
100,23,80,99
100,19,80,90
100,19,80,95
100,19,80,99
100,15,80,90
100,15,80,95
100,15,80,99
100,24,80,90
100,24,80,95
100,24,80,99
100,11,80,90
100,11,80,95
100,11,80,99
100,31,80,90
100,31,80,95
100,31,80,99
100,30,80,90
100,30,80,95
100,30,80,99
100,26,80,90
100,26,80,95
100,26,80,99
100,14,80,90
100,14,80,95
100,14,80,99
100,12,80,90
100,12,80,95
100,12,80,99
100,29,80,90
100,29,80,95
100,29,80,99
100,28,80,90
100,28,80,95
100,28,80,99
100,10,80,90
100,10,80,95
100,10,80,99
100,33,80,90
100,33,80,95
100,33,80,99
100,9,80,90
100,9,80,95
100,9,80,99
100,91,20,90
100,91,20,95
100,91,20,99
100,94,20,90
100,94,20,95
100,94,20,99
100,63,50,90
100,63,50,95
100,63,50,99
100,72,50,90
100,72,50,95
100,72,50,99
100,67,50,90
100,67,50,95
100,67,50,99
100,70,50,90
100,70,50,95
100,70,50,99
100,65,50,90
100,65,50,95
100,65,50,99
100,68,50,90
100,68,50,95
100,68,50,99
100,73,50,90
100,73,50,95
100,73,50,99
100,37,80,90
100,37,80,95
100,37,80,99
100,32,80,90
100,32,80,95
100,32,80,99
100,34,80,90
100,34,80,95
100,34,80,99
100,35,80,90
100,35,80,95
100,35,80,99
100,36,80,90
100,36,80,95
100,36,80,99
100,43,80,90
100,43,80,95
100,43,80,99
100,38,80,90
100,38,80,95
100,38,80,99
100,41,80,90
100,41,80,95
100,41,80,99
100,40,80,90
100,40,80,95
100,40,80,99
100,71,50,90
100,71,50,95
100,71,50,99
100,69,50,90
100,69,50,95
100,69,50,99
100,76,50,90
100,76,50,95
100,76,50,99
100,45,80,90
100,45,80,95
100,45,80,99
100,48,80,90
100,48,80,95
100,48,80,99
100,39,80,90
100,39,80,95
100,39,80,99
100,44,80,90
100,44,80,95
100,44,80,99
100,42,80,90
100,42,80,95
100,42,80,99
100,46,80,90
100,46,80,95
100,46,80,99
100,50,80,90
100,50,80,95
100,50,80,99
100,49,80,90
100,49,80,95
100,49,80,99
100,95,20,90
100,95,20,95
100,95,20,99
100,74,50,90
100,74,50,95
100,74,50,99
100,75,50,90
100,75,50,95
100,75,50,99
100,78,50,90
100,78,50,95
100,78,50,99
100,47,80,90
100,47,80,95
100,47,80,99
100,51,80,90
100,51,80,95
100,51,80,99
100,52,80,90
100,52,80,95
100,52,80,99
100,53,80,90
100,53,80,95
100,53,80,99
100,54,80,90
100,54,80,95
100,54,80,99
100,97,20,90
100,97,20,95
100,97,20,99
100,79,50,90
100,79,50,95
100,79,50,99
100,77,50,90
100,77,50,95
100,77,50,99
100,80,50,90
100,80,50,95
100,80,50,99
100,81,50,90
100,81,50,95
100,81,50,99
100,82,50,90
100,82,50,95
100,82,50,99
100,58,80,90
100,58,80,95
100,58,80,99
100,55,80,90
100,55,80,95
100,55,80,99
100,57,80,90
100,57,80,95
100,57,80,99
100,56,80,90
100,56,80,95
100,56,80,99
100,60,80,90
100,60,80,95
100,60,80,99
100,59,80,90
100,59,80,95
100,59,80,99
100,61,80,90
100,61,80,95
100,61,80,99
100,62,80,90
100,62,80,95
100,62,80,99
100,63,80,90
100,63,80,95
100,63,80,99
100,96,20,90
100,96,20,95
100,96,20,99
100,98,20,90
100,98,20,95
100,98,20,99
100,84,50,90
100,84,50,95
100,84,50,99
100,86,50,90
100,86,50,95
100,86,50,99
100,85,50,90
100,85,50,95
100,85,50,99
100,83,50,90
100,83,50,95
100,83,50,99
100,87,50,90
100,87,50,95
100,87,50,99
100,67,80,90
100,67,80,95
100,67,80,99
100,64,80,90
100,64,80,95
100,64,80,99
100,65,80,90
100,65,80,95
100,65,80,99
100,66,80,90
100,66,80,95
100,66,80,99
100,68,80,90
100,68,80,95
100,68,80,99
100,70,80,90
100,70,80,95
100,70,80,99
100,88,50,90
100,88,50,95
100,88,50,99
100,89,50,90
100,89,50,95
100,89,50,99
100,71,80,90
100,71,80,95
100,71,80,99
100,72,80,90
100,72,80,95
100,72,80,99
100,69,80,90
100,69,80,95
100,69,80,99
100,73,80,90
100,73,80,95
100,73,80,99
100,74,80,90
100,74,80,95
100,74,80,99
100,77,80,90
100,77,80,95
100,77,80,99
100,76,80,90
100,76,80,95
100,76,80,99
100,75,80,90
100,75,80,95
100,75,80,99
100,99,20,90
100,99,20,95
100,99,20,99
100,100,20,90
100,100,20,95
100,100,20,99
100,93,50,90
100,93,50,95
100,93,50,99
100,90,50,90
100,90,50,95
100,90,50,99
100,92,50,90
100,92,50,95
100,92,50,99
100,91,50,90
100,91,50,95
100,91,50,99
100,94,50,90
100,94,50,95
100,94,50,99
100,78,80,90
100,78,80,95
100,78,80,99
100,79,80,90
100,79,80,95
100,79,80,99
100,81,80,90
100,81,80,95
100,81,80,99
100,80,80,90
100,80,80,95
100,80,80,99
100,83,80,90
100,83,80,95
100,83,80,99
100,82,80,90
100,82,80,95
100,82,80,99
100,84,80,90
100,84,80,95
100,84,80,99
100,95,50,90
100,95,50,95
100,95,50,99
100,96,50,90
100,96,50,95
100,96,50,99
100,97,50,90
100,97,50,95
100,97,50,99
100,88,80,90
100,88,80,95
100,88,80,99
100,86,80,90
100,86,80,95
100,86,80,99
100,85,80,90
100,85,80,95
100,85,80,99
100,87,80,90
100,87,80,95
100,87,80,99
100,90,80,90
100,90,80,95
100,90,80,99
100,89,80,90
100,89,80,95
100,89,80,99
100,98,50,90
100,98,50,95
100,98,50,99
100,99,50,90
100,99,50,95
100,99,50,99
100,91,80,90
100,91,80,95
100,91,80,99
100,93,80,90
100,93,80,95
100,93,80,99
100,92,80,90
100,92,80,95
100,92,80,99
100,94,80,90
100,94,80,95
100,94,80,99
100,95,80,90
100,95,80,95
100,95,80,99
100,96,80,90
100,96,80,95
100,96,80,99
100,97,80,90
100,97,80,95
100,97,80,99
100,100,50,90
100,100,50,95
100,100,50,99
100,100,80,90
100,100,80,95
100,100,80,99
500,403,20,90
500,403,20,95
500,403,20,99
500,412,20,90
500,412,20,95
500,412,20,99
500,410,20,90
500,410,20,95
500,410,20,99
500,402,20,90
500,402,20,95
500,402,20,99
500,397,20,90
500,397,20,95
500,397,20,99
500,389,20,90
500,389,20,95
500,389,20,99
500,404,20,90
500,404,20,95
500,404,20,99
500,377,20,90
500,377,20,95
500,377,20,99
500,413,20,90
500,413,20,95
500,413,20,99
500,407,20,90
500,407,20,95
500,407,20,99
500,396,20,90
500,396,20,95
500,396,20,99
500,398,20,90
500,398,20,95
500,398,20,99
500,406,20,90
500,406,20,95
500,406,20,99
500,394,20,90
500,394,20,95
500,394,20,99
500,400,20,90
500,400,20,95
500,400,20,99
500,395,20,90
500,395,20,95
500,395,20,99
500,392,20,90
500,392,20,95
500,392,20,99
500,417,20,90
500,417,20,95
500,417,20,99
500,399,20,90
500,399,20,95
500,399,20,99
500,391,20,90
500,391,20,95
500,391,20,99
500,411,20,90
500,411,20,95
500,411,20,99
500,386,20,90
500,386,20,95
500,386,20,99
500,409,20,90
500,409,20,95
500,409,20,99
500,388,20,90
500,388,20,95
500,388,20,99
500,393,20,90
500,393,20,95
500,393,20,99
500,401,20,90
500,401,20,95
500,401,20,99
500,422,20,90
500,422,20,95
500,422,20,99
500,390,20,90
500,390,20,95
500,390,20,99
500,408,20,90
500,408,20,95
500,408,20,99
500,415,20,90
500,415,20,95
500,415,20,99
500,416,20,90
500,416,20,95
500,416,20,99
500,405,20,90
500,405,20,95
500,405,20,99
500,381,20,90
500,381,20,95
500,381,20,99
500,414,20,90
500,414,20,95
500,414,20,99
500,384,20,90
500,384,20,95
500,384,20,99
500,374,20,90
500,374,20,95
500,374,20,99
500,429,20,90
500,429,20,95
500,429,20,99
500,385,20,90
500,385,20,95
500,385,20,99
500,382,20,90
500,382,20,95
500,382,20,99
500,418,20,90
500,418,20,95
500,418,20,99
500,387,20,90
500,387,20,95
500,387,20,99
500,419,20,90
500,419,20,95
500,419,20,99
500,421,20,90
500,421,20,95
500,421,20,99
500,375,20,90
500,375,20,95
500,375,20,99
500,380,20,90
500,380,20,95
500,380,20,99
500,379,20,90
500,379,20,95
500,379,20,99
500,383,20,90
500,383,20,95
500,383,20,99
500,378,20,90
500,378,20,95
500,378,20,99
500,420,20,90
500,420,20,95
500,420,20,99
500,423,20,90
500,423,20,95
500,423,20,99
500,425,20,90
500,425,20,95
500,425,20,99
500,376,20,90
500,376,20,95
500,376,20,99
500,428,20,90
500,428,20,95
500,428,20,99
500,426,20,90
500,426,20,95
500,426,20,99
500,250,50,90
500,250,50,95
500,250,50,99
500,248,50,90
500,248,50,95
500,248,50,99
500,254,50,90
500,254,50,95
500,254,50,99
500,246,50,90
500,246,50,95
500,246,50,99
500,237,50,90
500,237,50,95
500,237,50,99
500,262,50,90
500,262,50,95
500,262,50,99
500,251,50,90
500,251,50,95
500,251,50,99
500,243,50,90
500,243,50,95
500,243,50,99
500,258,50,90
500,258,50,95
500,258,50,99
500,263,50,90
500,263,50,95
500,263,50,99
500,249,50,90
500,249,50,95
500,249,50,99
500,256,50,90
500,256,50,95
500,256,50,99
500,260,50,90
500,260,50,95
500,260,50,99
500,266,50,90
500,266,50,95
500,266,50,99
500,247,50,90
500,247,50,95
500,247,50,99
500,244,50,90
500,244,50,95
500,244,50,99
500,276,50,90
500,276,50,95
500,276,50,99
500,240,50,90
500,240,50,95
500,240,50,99
500,241,50,90
500,241,50,95
500,241,50,99
500,265,50,90
500,265,50,95
500,265,50,99
500,269,50,90
500,269,50,95
500,269,50,99
500,245,50,90
500,245,50,95
500,245,50,99
500,261,50,90
500,261,50,95
500,261,50,99
500,257,50,90
500,257,50,95
500,257,50,99
500,264,50,90
500,264,50,95
500,264,50,99
500,239,50,90
500,239,50,95
500,239,50,99
500,233,50,90
500,233,50,95
500,233,50,99
500,235,50,90
500,235,50,95
500,235,50,99
500,252,50,90
500,252,50,95
500,252,50,99
500,242,50,90
500,242,50,95
500,242,50,99
500,228,50,90
500,228,50,95
500,228,50,99
500,253,50,90
500,253,50,95
500,253,50,99
500,268,50,90
500,268,50,95
500,268,50,99
500,229,50,90
500,229,50,95
500,229,50,99
500,277,50,90
500,277,50,95
500,277,50,99
500,238,50,90
500,238,50,95
500,238,50,99
500,267,50,90
500,267,50,95
500,267,50,99
500,231,50,90
500,231,50,95
500,231,50,99
500,223,50,90
500,223,50,95
500,223,50,99
500,226,50,90
500,226,50,95
500,226,50,99
500,230,50,90
500,230,50,95
500,230,50,99
500,255,50,90
500,255,50,95
500,255,50,99
500,234,50,90
500,234,50,95
500,234,50,99
500,232,50,90
500,232,50,95
500,232,50,99
500,280,50,90
500,280,50,95
500,280,50,99
500,259,50,90
500,259,50,95
500,259,50,99
500,272,50,90
500,272,50,95
500,272,50,99
500,270,50,90
500,270,50,95
500,270,50,99
500,236,50,90
500,236,50,95
500,236,50,99
500,224,50,90
500,224,50,95
500,224,50,99
500,271,50,90
500,271,50,95
500,271,50,99
500,227,50,90
500,227,50,95
500,227,50,99
500,274,50,90
500,274,50,95
500,274,50,99
500,219,50,90
500,219,50,95
500,219,50,99
500,225,50,90
500,225,50,95
500,225,50,99
500,281,50,90
500,281,50,95
500,281,50,99
500,220,50,90
500,220,50,95
500,220,50,99
500,275,50,90
500,275,50,95
500,275,50,99
500,291,50,90
500,291,50,95
500,291,50,99
500,221,50,90
500,221,50,95
500,221,50,99
500,212,50,90
500,212,50,95
500,212,50,99
500,284,50,90
500,284,50,95
500,284,50,99
500,273,50,90
500,273,50,95
500,273,50,99
500,217,50,90
500,217,50,95
500,217,50,99
500,107,80,90
500,107,80,95
500,107,80,99
500,103,80,90
500,103,80,95
500,103,80,99
500,105,80,90
500,105,80,95
500,105,80,99
500,97,80,90
500,97,80,95
500,97,80,99
500,110,80,90
500,110,80,95
500,110,80,99
500,119,80,90
500,119,80,95
500,119,80,99
500,100,80,90
500,100,80,95
500,100,80,99
500,93,80,90
500,93,80,95
500,93,80,99
500,90,80,90
500,90,80,95
500,90,80,99
500,108,80,90
500,108,80,95
500,108,80,99
500,88,80,90
500,88,80,95
500,88,80,99
500,127,80,90
500,127,80,95
500,127,80,99
500,112,80,90
500,112,80,95
500,112,80,99
500,92,80,90
500,92,80,95
500,92,80,99
500,102,80,90
500,102,80,95
500,102,80,99
500,98,80,90
500,98,80,95
500,98,80,99
500,86,80,90
500,86,80,95
500,86,80,99
500,99,80,90
500,99,80,95
500,99,80,99
500,89,80,90
500,89,80,95
500,89,80,99
500,101,80,90
500,101,80,95
500,101,80,99
500,87,80,90
500,87,80,95
500,87,80,99
500,95,80,90
500,95,80,95
500,95,80,99
500,94,80,90
500,94,80,95
500,94,80,99
500,96,80,90
500,96,80,95
500,96,80,99
500,85,80,90
500,85,80,95
500,85,80,99
500,114,80,90
500,114,80,95
500,114,80,99
500,113,80,90
500,113,80,95
500,113,80,99
500,109,80,90
500,109,80,95
500,109,80,99
500,111,80,90
500,111,80,95
500,111,80,99
500,76,80,90
500,76,80,95
500,76,80,99
500,104,80,90
500,104,80,95
500,104,80,99
500,91,80,90
500,91,80,95
500,91,80,99
500,121,80,90
500,121,80,95
500,121,80,99
500,80,80,90
500,80,80,95
500,80,80,99
500,116,80,90
500,116,80,95
500,116,80,99
500,115,80,90
500,115,80,95
500,115,80,99
500,84,80,90
500,84,80,95
500,84,80,99
500,83,80,90
500,83,80,95
500,83,80,99
500,117,80,90
500,117,80,95
500,117,80,99
500,125,80,90
500,125,80,95
500,125,80,99
500,79,80,90
500,79,80,95
500,79,80,99
500,106,80,90
500,106,80,95
500,106,80,99
500,120,80,90
500,120,80,95
500,120,80,99
500,81,80,90
500,81,80,95
500,81,80,99
500,78,80,90
500,78,80,95
500,78,80,99
500,122,80,90
500,122,80,95
500,122,80,99
500,82,80,90
500,82,80,95
500,82,80,99
500,128,80,90
500,128,80,95
500,128,80,99
500,77,80,90
500,77,80,95
500,77,80,99
500,118,80,90
500,118,80,95
500,118,80,99
500,75,80,90
500,75,80,95
500,75,80,99
500,123,80,90
500,123,80,95
500,123,80,99
500,431,20,90
500,431,20,95
500,431,20,99
500,432,20,90
500,432,20,95
500,432,20,99
500,424,20,90
500,424,20,95
500,424,20,99
500,430,20,90
500,430,20,95
500,430,20,99
500,427,20,90
500,427,20,95
500,427,20,99
500,435,20,90
500,435,20,95
500,435,20,99
500,279,50,90
500,279,50,95
500,279,50,99
500,297,50,90
500,297,50,95
500,297,50,99
500,283,50,90
500,283,50,95
500,283,50,99
500,292,50,90
500,292,50,95
500,292,50,99
500,278,50,90
500,278,50,95
500,278,50,99
500,303,50,90
500,303,50,95
500,303,50,99
500,290,50,90
500,290,50,95
500,290,50,99
500,285,50,90
500,285,50,95
500,285,50,99
500,286,50,90
500,286,50,95
500,286,50,99
500,287,50,90
500,287,50,95
500,287,50,99
500,293,50,90
500,293,50,95
500,293,50,99
500,296,50,90
500,296,50,95
500,296,50,99
500,282,50,90
500,282,50,95
500,282,50,99
500,294,50,90
500,294,50,95
500,294,50,99
500,288,50,90
500,288,50,95
500,288,50,99
500,295,50,90
500,295,50,95
500,295,50,99
500,301,50,90
500,301,50,95
500,301,50,99
500,289,50,90
500,289,50,95
500,289,50,99
500,300,50,90
500,300,50,95
500,300,50,99
500,302,50,90
500,302,50,95
500,302,50,99
500,298,50,90
500,298,50,95
500,298,50,99
500,304,50,90
500,304,50,95
500,304,50,99
500,313,50,90
500,313,50,95
500,313,50,99
500,307,50,90
500,307,50,95
500,307,50,99
500,299,50,90
500,299,50,95
500,299,50,99
500,308,50,90
500,308,50,95
500,308,50,99
500,134,80,90
500,134,80,95
500,134,80,99
500,140,80,90
500,140,80,95
500,140,80,99
500,137,80,90
500,137,80,95
500,137,80,99
500,158,80,90
500,158,80,95
500,158,80,99
500,126,80,90
500,126,80,95
500,126,80,99
500,145,80,90
500,145,80,95
500,145,80,99
500,146,80,90
500,146,80,95
500,146,80,99
500,142,80,90
500,142,80,95
500,142,80,99
500,144,80,90
500,144,80,95
500,144,80,99
500,141,80,90
500,141,80,95
500,141,80,99
500,132,80,90
500,132,80,95
500,132,80,99
500,136,80,90
500,136,80,95
500,136,80,99
500,139,80,90
500,139,80,95
500,139,80,99
500,130,80,90
500,130,80,95
500,130,80,99
500,135,80,90
500,135,80,95
500,135,80,99
500,131,80,90
500,131,80,95
500,131,80,99
500,154,80,90
500,154,80,95
500,154,80,99
500,138,80,90
500,138,80,95
500,138,80,99
500,143,80,90
500,143,80,95
500,143,80,99
500,133,80,90
500,133,80,95
500,133,80,99
500,155,80,90
500,155,80,95
500,155,80,99
500,129,80,90
500,129,80,95
500,129,80,99
500,150,80,90
500,150,80,95
500,150,80,99
500,161,80,90
500,161,80,95
500,161,80,99
500,149,80,90
500,149,80,95
500,149,80,99
500,148,80,90
500,148,80,95
500,148,80,99
500,151,80,90
500,151,80,95
500,151,80,99
500,152,80,90
500,152,80,95
500,152,80,99
500,147,80,90
500,147,80,95
500,147,80,99
500,157,80,90
500,157,80,95
500,157,80,99
500,156,80,90
500,156,80,95
500,156,80,99
500,153,80,90
500,153,80,95
500,153,80,99
500,124,80,90
500,124,80,95
500,124,80,99
500,159,80,90
500,159,80,95
500,159,80,99
500,160,80,90
500,160,80,95
500,160,80,99
500,163,80,90
500,163,80,95
500,163,80,99
500,164,80,90
500,164,80,95
500,164,80,99
500,167,80,90
500,167,80,95
500,167,80,99
500,172,80,90
500,172,80,95
500,172,80,99
500,437,20,90
500,437,20,95
500,437,20,99
500,434,20,90
500,434,20,95
500,434,20,99
500,433,20,90
500,433,20,95
500,433,20,99
500,440,20,90
500,440,20,95
500,440,20,99
500,442,20,90
500,442,20,95
500,442,20,99
500,436,20,90
500,436,20,95
500,436,20,99
500,439,20,90
500,439,20,95
500,439,20,99
500,438,20,90
500,438,20,95
500,438,20,99
500,443,20,90
500,443,20,95
500,443,20,99
500,441,20,90
500,441,20,95
500,441,20,99
500,311,50,90
500,311,50,95
500,311,50,99
500,306,50,90
500,306,50,95
500,306,50,99
500,305,50,90
500,305,50,95
500,305,50,99
500,309,50,90
500,309,50,95
500,309,50,99
500,310,50,90
500,310,50,95
500,310,50,99
500,323,50,90
500,323,50,95
500,323,50,99
500,315,50,90
500,315,50,95
500,315,50,99
500,312,50,90
500,312,50,95
500,312,50,99
500,321,50,90
500,321,50,95
500,321,50,99
500,320,50,90
500,320,50,95
500,320,50,99
500,316,50,90
500,316,50,95
500,316,50,99
500,327,50,90
500,327,50,95
500,327,50,99
500,314,50,90
500,314,50,95
500,314,50,99
500,324,50,90
500,324,50,95
500,324,50,99
500,319,50,90
500,319,50,95
500,319,50,99
500,318,50,90
500,318,50,95
500,318,50,99
500,317,50,90
500,317,50,95
500,317,50,99
500,326,50,90
500,326,50,95
500,326,50,99
500,322,50,90
500,322,50,95
500,322,50,99
500,325,50,90
500,325,50,95
500,325,50,99
500,333,50,90
500,333,50,95
500,333,50,99
500,189,80,90
500,189,80,95
500,189,80,99
500,176,80,90
500,176,80,95
500,176,80,99
500,192,80,90
500,192,80,95
500,192,80,99
500,165,80,90
500,165,80,95
500,165,80,99
500,197,80,90
500,197,80,95
500,197,80,99
500,178,80,90
500,178,80,95
500,178,80,99
500,182,80,90
500,182,80,95
500,182,80,99
500,173,80,90
500,173,80,95
500,173,80,99
500,188,80,90
500,188,80,95
500,188,80,99
500,181,80,90
500,181,80,95
500,181,80,99
500,186,80,90
500,186,80,95
500,186,80,99
500,168,80,90
500,168,80,95
500,168,80,99
500,183,80,90
500,183,80,95
500,183,80,99
500,187,80,90
500,187,80,95
500,187,80,99
500,184,80,90
500,184,80,95
500,184,80,99
500,180,80,90
500,180,80,95
500,180,80,99
500,171,80,90
500,171,80,95
500,171,80,99
500,179,80,90
500,179,80,95
500,179,80,99
500,200,80,90
500,200,80,95
500,200,80,99
500,169,80,90
500,169,80,95
500,169,80,99
500,175,80,90
500,175,80,95
500,175,80,99
500,177,80,90
500,177,80,95
500,177,80,99
500,194,80,90
500,194,80,95
500,194,80,99
500,174,80,90
500,174,80,95
500,174,80,99
500,185,80,90
500,185,80,95
500,185,80,99
500,195,80,90
500,195,80,95
500,195,80,99
500,166,80,90
500,166,80,95
500,166,80,99
500,198,80,90
500,198,80,95
500,198,80,99
500,162,80,90
500,162,80,95
500,162,80,99
500,196,80,90
500,196,80,95
500,196,80,99
500,191,80,90
500,191,80,95
500,191,80,99
500,193,80,90
500,193,80,95
500,193,80,99
500,170,80,90
500,170,80,95
500,170,80,99
500,199,80,90
500,199,80,95
500,199,80,99
500,190,80,90
500,190,80,95
500,190,80,99
500,202,80,90
500,202,80,95
500,202,80,99
500,205,80,90
500,205,80,95
500,205,80,99
500,201,80,90
500,201,80,95
500,201,80,99
500,444,20,90
500,444,20,95
500,444,20,99
500,445,20,90
500,445,20,95
500,445,20,99
500,448,20,90
500,448,20,95
500,448,20,99
500,446,20,90
500,446,20,95
500,446,20,99
500,447,20,90
500,447,20,95
500,447,20,99
500,449,20,90
500,449,20,95
500,449,20,99
500,332,50,90
500,332,50,95
500,332,50,99
500,334,50,90
500,334,50,95
500,334,50,99
500,329,50,90
500,329,50,95
500,329,50,99
500,330,50,90
500,330,50,95
500,330,50,99
500,328,50,90
500,328,50,95
500,328,50,99
500,331,50,90
500,331,50,95
500,331,50,99
500,336,50,90
500,336,50,95
500,336,50,99
500,344,50,90
500,344,50,95
500,344,50,99
500,341,50,90
500,341,50,95
500,341,50,99
500,340,50,90
500,340,50,95
500,340,50,99
500,337,50,90
500,337,50,95
500,337,50,99
500,342,50,90
500,342,50,95
500,342,50,99
500,338,50,90
500,338,50,95
500,338,50,99
500,339,50,90
500,339,50,95
500,339,50,99
500,335,50,90
500,335,50,95
500,335,50,99
500,345,50,90
500,345,50,95
500,345,50,99
500,347,50,90
500,347,50,95
500,347,50,99
500,352,50,90
500,352,50,95
500,352,50,99
500,343,50,90
500,343,50,95
500,343,50,99
500,348,50,90
500,348,50,95
500,348,50,99
500,350,50,90
500,350,50,95
500,350,50,99
500,346,50,90
500,346,50,95
500,346,50,99
500,359,50,90
500,359,50,95
500,359,50,99
500,349,50,90
500,349,50,95
500,349,50,99
500,360,50,90
500,360,50,95
500,360,50,99
500,355,50,90
500,355,50,95
500,355,50,99
500,220,80,90
500,220,80,95
500,220,80,99
500,222,80,90
500,222,80,95
500,222,80,99
500,227,80,90
500,227,80,95
500,227,80,99
500,239,80,90
500,239,80,95
500,239,80,99
500,217,80,90
500,217,80,95
500,217,80,99
500,216,80,90
500,216,80,95
500,216,80,99
500,230,80,90
500,230,80,95
500,230,80,99
500,223,80,90
500,223,80,95
500,223,80,99
500,218,80,90
500,218,80,95
500,218,80,99
500,226,80,90
500,226,80,95
500,226,80,99
500,219,80,90
500,219,80,95
500,219,80,99
500,212,80,90
500,212,80,95
500,212,80,99
500,209,80,90
500,209,80,95
500,209,80,99
500,221,80,90
500,221,80,95
500,221,80,99
500,206,80,90
500,206,80,95
500,206,80,99
500,213,80,90
500,213,80,95
500,213,80,99
500,225,80,90
500,225,80,95
500,225,80,99
500,214,80,90
500,214,80,95
500,214,80,99
500,215,80,90
500,215,80,95
500,215,80,99
500,232,80,90
500,232,80,95
500,232,80,99
500,224,80,90
500,224,80,95
500,224,80,99
500,208,80,90
500,208,80,95
500,208,80,99
500,238,80,90
500,238,80,95
500,238,80,99
500,228,80,90
500,228,80,95
500,228,80,99
500,204,80,90
500,204,80,95
500,204,80,99
500,235,80,90
500,235,80,95
500,235,80,99
500,233,80,90
500,233,80,95
500,233,80,99
500,236,80,90
500,236,80,95
500,236,80,99
500,237,80,90
500,237,80,95
500,237,80,99
500,231,80,90
500,231,80,95
500,231,80,99
500,211,80,90
500,211,80,95
500,211,80,99
500,210,80,90
500,210,80,95
500,210,80,99
500,229,80,90
500,229,80,95
500,229,80,99
500,240,80,90
500,240,80,95
500,240,80,99
500,245,80,90
500,245,80,95
500,245,80,99
500,207,80,90
500,207,80,95
500,207,80,99
500,234,80,90
500,234,80,95
500,234,80,99
500,203,80,90
500,203,80,95
500,203,80,99
500,241,80,90
500,241,80,95
500,241,80,99
500,452,20,90
500,452,20,95
500,452,20,99
500,455,20,90
500,455,20,95
500,455,20,99
500,451,20,90
500,451,20,95
500,451,20,99
500,450,20,90
500,450,20,95
500,450,20,99
500,456,20,90
500,456,20,95
500,456,20,99
500,453,20,90
500,453,20,95
500,453,20,99
500,454,20,90
500,454,20,95
500,454,20,99
500,458,20,90
500,458,20,95
500,458,20,99
500,354,50,90
500,354,50,95
500,354,50,99
500,367,50,90
500,367,50,95
500,367,50,99
500,358,50,90
500,358,50,95
500,358,50,99
500,363,50,90
500,363,50,95
500,363,50,99
500,351,50,90
500,351,50,95
500,351,50,99
500,356,50,90
500,356,50,95
500,356,50,99
500,357,50,90
500,357,50,95
500,357,50,99
500,353,50,90
500,353,50,95
500,353,50,99
500,371,50,90
500,371,50,95
500,371,50,99
500,361,50,90
500,361,50,95
500,361,50,99
500,362,50,90
500,362,50,95
500,362,50,99
500,370,50,90
500,370,50,95
500,370,50,99
500,369,50,90
500,369,50,95
500,369,50,99
500,364,50,90
500,364,50,95
500,364,50,99
500,368,50,90
500,368,50,95
500,368,50,99
500,372,50,90
500,372,50,95
500,372,50,99
500,365,50,90
500,365,50,95
500,365,50,99
500,366,50,90
500,366,50,95
500,366,50,99
500,374,50,90
500,374,50,95
500,374,50,99
500,373,50,90
500,373,50,95
500,373,50,99
500,263,80,90
500,263,80,95
500,263,80,99
500,268,80,90
500,268,80,95
500,268,80,99
500,270,80,90
500,270,80,95
500,270,80,99
500,265,80,90
500,265,80,95
500,265,80,99
500,261,80,90
500,261,80,95
500,261,80,99
500,251,80,90
500,251,80,95
500,251,80,99
500,260,80,90
500,260,80,95
500,260,80,99
500,255,80,90
500,255,80,95
500,255,80,99
500,247,80,90
500,247,80,95
500,247,80,99
500,252,80,90
500,252,80,95
500,252,80,99
500,267,80,90
500,267,80,95
500,267,80,99
500,259,80,90
500,259,80,95
500,259,80,99
500,256,80,90
500,256,80,95
500,256,80,99
500,271,80,90
500,271,80,95
500,271,80,99
500,249,80,90
500,249,80,95
500,249,80,99
500,266,80,90
500,266,80,95
500,266,80,99
500,253,80,90
500,253,80,95
500,253,80,99
500,264,80,90
500,264,80,95
500,264,80,99
500,258,80,90
500,258,80,95
500,258,80,99
500,254,80,90
500,254,80,95
500,254,80,99
500,257,80,90
500,257,80,95
500,257,80,99
500,262,80,90
500,262,80,95
500,262,80,99
500,273,80,90
500,273,80,95
500,273,80,99
500,269,80,90
500,269,80,95
500,269,80,99
500,272,80,90
500,272,80,95
500,272,80,99
500,250,80,90
500,250,80,95
500,250,80,99
500,244,80,90
500,244,80,95
500,244,80,99
500,248,80,90
500,248,80,95
500,248,80,99
500,246,80,90
500,246,80,95
500,246,80,99
500,276,80,90
500,276,80,95
500,276,80,99
500,275,80,90
500,275,80,95
500,275,80,99
500,274,80,90
500,274,80,95
500,274,80,99
500,243,80,90
500,243,80,95
500,243,80,99
500,279,80,90
500,279,80,95
500,279,80,99
500,281,80,90
500,281,80,95
500,281,80,99
500,242,80,90
500,242,80,95
500,242,80,99
500,278,80,90
500,278,80,95
500,278,80,99
500,283,80,90
500,283,80,95
500,283,80,99
500,277,80,90
500,277,80,95
500,277,80,99
500,459,20,90
500,459,20,95
500,459,20,99
500,460,20,90
500,460,20,95
500,460,20,99
500,463,20,90
500,463,20,95
500,463,20,99
500,462,20,90
500,462,20,95
500,462,20,99
500,466,20,90
500,466,20,95
500,466,20,99
500,461,20,90
500,461,20,95
500,461,20,99
500,457,20,90
500,457,20,95
500,457,20,99
500,465,20,90
500,465,20,95
500,465,20,99
500,464,20,90
500,464,20,95
500,464,20,99
500,472,20,90
500,472,20,95
500,472,20,99
500,467,20,90
500,467,20,95
500,467,20,99
500,468,20,90
500,468,20,95
500,468,20,99
500,378,50,90
500,378,50,95
500,378,50,99
500,375,50,90
500,375,50,95
500,375,50,99
500,381,50,90
500,381,50,95
500,381,50,99
500,380,50,90
500,380,50,95
500,380,50,99
500,379,50,90
500,379,50,95
500,379,50,99
500,384,50,90
500,384,50,95
500,384,50,99
500,376,50,90
500,376,50,95
500,376,50,99
500,377,50,90
500,377,50,95
500,377,50,99
500,382,50,90
500,382,50,95
500,382,50,99
500,385,50,90
500,385,50,95
500,385,50,99
500,388,50,90
500,388,50,95
500,388,50,99
500,386,50,90
500,386,50,95
500,386,50,99
500,383,50,90
500,383,50,95
500,383,50,99
500,389,50,90
500,389,50,95
500,389,50,99
500,387,50,90
500,387,50,95
500,387,50,99
500,392,50,90
500,392,50,95
500,392,50,99
500,390,50,90
500,390,50,95
500,390,50,99
500,398,50,90
500,398,50,95
500,398,50,99
500,391,50,90
500,391,50,95
500,391,50,99
500,396,50,90
500,396,50,95
500,396,50,99
500,393,50,90
500,393,50,95
500,393,50,99
500,394,50,90
500,394,50,95
500,394,50,99
500,395,50,90
500,395,50,95
500,395,50,99
500,310,80,90
500,310,80,95
500,310,80,99
500,301,80,90
500,301,80,95
500,301,80,99
500,294,80,90
500,294,80,95
500,294,80,99
500,306,80,90
500,306,80,95
500,306,80,99
500,298,80,90
500,298,80,95
500,298,80,99
500,308,80,90
500,308,80,95
500,308,80,99
500,313,80,90
500,313,80,95
500,313,80,99
500,291,80,90
500,291,80,95
500,291,80,99
500,300,80,90
500,300,80,95
500,300,80,99
500,305,80,90
500,305,80,95
500,305,80,99
500,299,80,90
500,299,80,95
500,299,80,99
500,316,80,90
500,316,80,95
500,316,80,99
500,304,80,90
500,304,80,95
500,304,80,99
500,290,80,90
500,290,80,95
500,290,80,99
500,295,80,90
500,295,80,95
500,295,80,99
500,302,80,90
500,302,80,95
500,302,80,99
500,293,80,90
500,293,80,95
500,293,80,99
500,311,80,90
500,311,80,95
500,311,80,99
500,285,80,90
500,285,80,95
500,285,80,99
500,292,80,90
500,292,80,95
500,292,80,99
500,297,80,90
500,297,80,95
500,297,80,99
500,307,80,90
500,307,80,95
500,307,80,99
500,288,80,90
500,288,80,95
500,288,80,99
500,286,80,90
500,286,80,95
500,286,80,99
500,303,80,90
500,303,80,95
500,303,80,99
500,296,80,90
500,296,80,95
500,296,80,99
500,309,80,90
500,309,80,95
500,309,80,99
500,312,80,90
500,312,80,95
500,312,80,99
500,319,80,90
500,319,80,95
500,319,80,99
500,287,80,90
500,287,80,95
500,287,80,99
500,314,80,90
500,314,80,95
500,314,80,99
500,289,80,90
500,289,80,95
500,289,80,99
500,315,80,90
500,315,80,95
500,315,80,99
500,318,80,90
500,318,80,95
500,318,80,99
500,317,80,90
500,317,80,95
500,317,80,99
500,284,80,90
500,284,80,95
500,284,80,99
500,323,80,90
500,323,80,95
500,323,80,99
500,470,20,90
500,470,20,95
500,470,20,99
500,469,20,90
500,469,20,95
500,469,20,99
500,471,20,90
500,471,20,95
500,471,20,99
500,473,20,90
500,473,20,95
500,473,20,99
500,475,20,90
500,475,20,95
500,475,20,99
500,474,20,90
500,474,20,95
500,474,20,99
500,476,20,90
500,476,20,95
500,476,20,99
500,409,50,90
500,409,50,95
500,409,50,99
500,406,50,90
500,406,50,95
500,406,50,99
500,407,50,90
500,407,50,95
500,407,50,99
500,402,50,90
500,402,50,95
500,402,50,99
500,412,50,90
500,412,50,95
500,412,50,99
500,410,50,90
500,410,50,95
500,410,50,99
500,408,50,90
500,408,50,95
500,408,50,99
500,397,50,90
500,397,50,95
500,397,50,99
500,399,50,90
500,399,50,95
500,399,50,99
500,404,50,90
500,404,50,95
500,404,50,99
500,411,50,90
500,411,50,95
500,411,50,99
500,417,50,90
500,417,50,95
500,417,50,99
500,405,50,90
500,405,50,95
500,405,50,99
500,403,50,90
500,403,50,95
500,403,50,99
500,400,50,90
500,400,50,95
500,400,50,99
500,401,50,90
500,401,50,95
500,401,50,99
500,414,50,90
500,414,50,95
500,414,50,99
500,418,50,90
500,418,50,95
500,418,50,99
500,413,50,90
500,413,50,95
500,413,50,99
500,415,50,90
500,415,50,95
500,415,50,99
500,416,50,90
500,416,50,95
500,416,50,99
500,423,50,90
500,423,50,95
500,423,50,99
500,339,80,90
500,339,80,95
500,339,80,99
500,335,80,90
500,335,80,95
500,335,80,99
500,338,80,90
500,338,80,95
500,338,80,99
500,330,80,90
500,330,80,95
500,330,80,99
500,337,80,90
500,337,80,95
500,337,80,99
500,354,80,90
500,354,80,95
500,354,80,99
500,341,80,90
500,341,80,95
500,341,80,99
500,342,80,90
500,342,80,95
500,342,80,99
500,340,80,90
500,340,80,95
500,340,80,99
500,344,80,90
500,344,80,95
500,344,80,99
500,343,80,90
500,343,80,95
500,343,80,99
500,353,80,90
500,353,80,95
500,353,80,99
500,332,80,90
500,332,80,95
500,332,80,99
500,348,80,90
500,348,80,95
500,348,80,99
500,336,80,90
500,336,80,95
500,336,80,99
500,346,80,90
500,346,80,95
500,346,80,99
500,360,80,90
500,360,80,95
500,360,80,99
500,352,80,90
500,352,80,95
500,352,80,99
500,345,80,90
500,345,80,95
500,345,80,99
500,334,80,90
500,334,80,95
500,334,80,99
500,333,80,90
500,333,80,95
500,333,80,99
500,347,80,90
500,347,80,95
500,347,80,99
500,328,80,90
500,328,80,95
500,328,80,99
500,349,80,90
500,349,80,95
500,349,80,99
500,326,80,90
500,326,80,95
500,326,80,99
500,350,80,90
500,350,80,95
500,350,80,99
500,329,80,90
500,329,80,95
500,329,80,99
500,351,80,90
500,351,80,95
500,351,80,99
500,365,80,90
500,365,80,95
500,365,80,99
500,324,80,90
500,324,80,95
500,324,80,99
500,331,80,90
500,331,80,95
500,331,80,99
500,321,80,90
500,321,80,95
500,321,80,99
500,327,80,90
500,327,80,95
500,327,80,99
500,325,80,90
500,325,80,95
500,325,80,99
500,355,80,90
500,355,80,95
500,355,80,99
500,356,80,90
500,356,80,95
500,356,80,99
500,358,80,90
500,358,80,95
500,358,80,99
500,322,80,90
500,322,80,95
500,322,80,99
500,357,80,90
500,357,80,95
500,357,80,99
500,477,20,90
500,477,20,95
500,477,20,99
500,478,20,90
500,478,20,95
500,478,20,99
500,479,20,90
500,479,20,95
500,479,20,99
500,480,20,90
500,480,20,95
500,480,20,99
500,486,20,90
500,486,20,95
500,486,20,99
500,482,20,90
500,482,20,95
500,482,20,99
500,481,20,90
500,481,20,95
500,481,20,99
500,484,20,90
500,484,20,95
500,484,20,99
500,432,50,90
500,432,50,95
500,432,50,99
500,431,50,90
500,431,50,95
500,431,50,99
500,424,50,90
500,424,50,95
500,424,50,99
500,429,50,90
500,429,50,95
500,429,50,99
500,421,50,90
500,421,50,95
500,421,50,99
500,420,50,90
500,420,50,95
500,420,50,99
500,427,50,90
500,427,50,95
500,427,50,99
500,428,50,90
500,428,50,95
500,428,50,99
500,422,50,90
500,422,50,95
500,422,50,99
500,419,50,90
500,419,50,95
500,419,50,99
500,425,50,90
500,425,50,95
500,425,50,99
500,434,50,90
500,434,50,95
500,434,50,99
500,430,50,90
500,430,50,95
500,430,50,99
500,426,50,90
500,426,50,95
500,426,50,99
500,433,50,90
500,433,50,95
500,433,50,99
500,438,50,90
500,438,50,95
500,438,50,99
500,447,50,90
500,447,50,95
500,447,50,99
500,436,50,90
500,436,50,95
500,436,50,99
500,435,50,90
500,435,50,95
500,435,50,99
500,439,50,90
500,439,50,95
500,439,50,99
500,441,50,90
500,441,50,95
500,441,50,99
500,437,50,90
500,437,50,95
500,437,50,99
500,440,50,90
500,440,50,95
500,440,50,99
500,445,50,90
500,445,50,95
500,445,50,99
500,442,50,90
500,442,50,95
500,442,50,99
500,446,50,90
500,446,50,95
500,446,50,99
500,371,80,90
500,371,80,95
500,371,80,99
500,367,80,90
500,367,80,95
500,367,80,99
500,382,80,90
500,382,80,95
500,382,80,99
500,378,80,90
500,378,80,95
500,378,80,99
500,373,80,90
500,373,80,95
500,373,80,99
500,376,80,90
500,376,80,95
500,376,80,99
500,380,80,90
500,380,80,95
500,380,80,99
500,389,80,90
500,389,80,95
500,389,80,99
500,377,80,90
500,377,80,95
500,377,80,99
500,383,80,90
500,383,80,95
500,383,80,99
500,375,80,90
500,375,80,95
500,375,80,99
500,388,80,90
500,388,80,95
500,388,80,99
500,379,80,90
500,379,80,95
500,379,80,99
500,387,80,90
500,387,80,95
500,387,80,99
500,385,80,90
500,385,80,95
500,385,80,99
500,369,80,90
500,369,80,95
500,369,80,99
500,381,80,90
500,381,80,95
500,381,80,99
500,386,80,90
500,386,80,95
500,386,80,99
500,384,80,90
500,384,80,95
500,384,80,99
500,372,80,90
500,372,80,95
500,372,80,99
500,390,80,90
500,390,80,95
500,390,80,99
500,374,80,90
500,374,80,95
500,374,80,99
500,370,80,90
500,370,80,95
500,370,80,99
500,392,80,90
500,392,80,95
500,392,80,99
500,394,80,90
500,394,80,95
500,394,80,99
500,391,80,90
500,391,80,95
500,391,80,99
500,393,80,90
500,393,80,95
500,393,80,99
500,368,80,90
500,368,80,95
500,368,80,99
500,366,80,90
500,366,80,95
500,366,80,99
500,395,80,90
500,395,80,95
500,395,80,99
500,483,20,90
500,483,20,95
500,483,20,99
500,485,20,90
500,485,20,95
500,485,20,99
500,487,20,90
500,487,20,95
500,487,20,99
500,488,20,90
500,488,20,95
500,488,20,99
500,489,20,90
500,489,20,95
500,489,20,99
500,490,20,90
500,490,20,95
500,490,20,99
500,491,20,90
500,491,20,95
500,491,20,99
500,444,50,90
500,444,50,95
500,444,50,99
500,458,50,90
500,458,50,95
500,458,50,99
500,453,50,90
500,453,50,95
500,453,50,99
500,450,50,90
500,450,50,95
500,450,50,99
500,452,50,90
500,452,50,95
500,452,50,99
500,449,50,90
500,449,50,95
500,449,50,99
500,451,50,90
500,451,50,95
500,451,50,99
500,456,50,90
500,456,50,95
500,456,50,99
500,455,50,90
500,455,50,95
500,455,50,99
500,459,50,90
500,459,50,95
500,459,50,99
500,454,50,90
500,454,50,95
500,454,50,99
500,462,50,90
500,462,50,95
500,462,50,99
500,448,50,90
500,448,50,95
500,448,50,99
500,463,50,90
500,463,50,95
500,463,50,99
500,457,50,90
500,457,50,95
500,457,50,99
500,443,50,90
500,443,50,95
500,443,50,99
500,460,50,90
500,460,50,95
500,460,50,99
500,461,50,90
500,461,50,95
500,461,50,99
500,465,50,90
500,465,50,95
500,465,50,99
500,464,50,90
500,464,50,95
500,464,50,99
500,466,50,90
500,466,50,95
500,466,50,99
500,423,80,90
500,423,80,95
500,423,80,99
500,420,80,90
500,420,80,95
500,420,80,99
500,415,80,90
500,415,80,95
500,415,80,99
500,421,80,90
500,421,80,95
500,421,80,99
500,417,80,90
500,417,80,95
500,417,80,99
500,422,80,90
500,422,80,95
500,422,80,99
500,418,80,90
500,418,80,95
500,418,80,99
500,419,80,90
500,419,80,95
500,419,80,99
500,414,80,90
500,414,80,95
500,414,80,99
500,427,80,90
500,427,80,95
500,427,80,99
500,431,80,90
500,431,80,95
500,431,80,99
500,416,80,90
500,416,80,95
500,416,80,99
500,425,80,90
500,425,80,95
500,425,80,99
500,413,80,90
500,413,80,95
500,413,80,99
500,424,80,90
500,424,80,95
500,424,80,99
500,426,80,90
500,426,80,95
500,426,80,99
500,429,80,90
500,429,80,95
500,429,80,99
500,411,80,90
500,411,80,95
500,411,80,99
500,412,80,90
500,412,80,95
500,412,80,99
500,432,80,90
500,432,80,95
500,432,80,99
500,428,80,90
500,428,80,95
500,428,80,99
500,430,80,90
500,430,80,95
500,430,80,99
500,409,80,90
500,409,80,95
500,409,80,99
500,492,20,90
500,492,20,95
500,492,20,99
500,496,20,90
500,496,20,95
500,496,20,99
500,494,20,90
500,494,20,95
500,494,20,99
500,493,20,90
500,493,20,95
500,493,20,99
500,495,20,90
500,495,20,95
500,495,20,99
500,498,20,90
500,498,20,95
500,498,20,99
500,468,50,90
500,468,50,95
500,468,50,99
500,482,50,90
500,482,50,95
500,482,50,99
500,470,50,90
500,470,50,95
500,470,50,99
500,475,50,90
500,475,50,95
500,475,50,99
500,476,50,90
500,476,50,95
500,476,50,99
500,479,50,90
500,479,50,95
500,479,50,99
500,478,50,90
500,478,50,95
500,478,50,99
500,473,50,90
500,473,50,95
500,473,50,99
500,481,50,90
500,481,50,95
500,481,50,99
500,477,50,90
500,477,50,95
500,477,50,99
500,474,50,90
500,474,50,95
500,474,50,99
500,471,50,90
500,471,50,95
500,471,50,99
500,467,50,90
500,467,50,95
500,467,50,99
500,472,50,90
500,472,50,95
500,472,50,99
500,484,50,90
500,484,50,95
500,484,50,99
500,483,50,90
500,483,50,95
500,483,50,99
500,480,50,90
500,480,50,95
500,480,50,99
500,469,50,90
500,469,50,95
500,469,50,99
500,485,50,90
500,485,50,95
500,485,50,99
500,459,80,90
500,459,80,95
500,459,80,99
500,462,80,90
500,462,80,95
500,462,80,99
500,460,80,90
500,460,80,95
500,460,80,99
500,457,80,90
500,457,80,95
500,457,80,99
500,461,80,90
500,461,80,95
500,461,80,99
500,466,80,90
500,466,80,95
500,466,80,99
500,456,80,90
500,456,80,95
500,456,80,99
500,463,80,90
500,463,80,95
500,463,80,99
500,458,80,90
500,458,80,95
500,458,80,99
500,464,80,90
500,464,80,95
500,464,80,99
500,468,80,90
500,468,80,95
500,468,80,99
500,465,80,90
500,465,80,95
500,465,80,99
500,455,80,90
500,455,80,95
500,455,80,99
500,467,80,90
500,467,80,95
500,467,80,99
500,454,80,90
500,454,80,95
500,454,80,99
500,453,80,90
500,453,80,95
500,453,80,99
500,500,20,90
500,500,20,95
500,500,20,99
500,500,50,90
500,500,50,95
500,500,50,99
500,500,80,90
500,500,80,95
500,500,80,99
